source_taxon_key,source_taxon_name,n_source_codes,source_keys,source_systems,community_layers,any_bien_range_available,any_candidate_bien_range_available,total_abundance,total_cwm_missing_weight
taxon:abies_amabilis,Abies amabilis,2,fia_spcd:11;p2veg:ABAM,fia_spcd;nrcs_plants_symbol,p2veg_tree_layer;sapling;seedling;tree,TRUE,FALSE,4900597.06810856,0
taxon:abies_concolor,Abies concolor,2,fia_spcd:15;p2veg:ABCO,fia_spcd;nrcs_plants_symbol,p2veg_tree_layer;sapling;seedling;tree,TRUE,FALSE,3378456.75760645,0
taxon:abies_grandis,Abies grandis,2,fia_spcd:17;p2veg:ABGR,fia_spcd;nrcs_plants_symbol,p2veg_tree_layer;sapling;seedling;tree,TRUE,FALSE,6179169.60416065,0
taxon:abies_lasiocarpa,Abies lasiocarpa,2,fia_spcd:19;p2veg:ABLA,fia_spcd;nrcs_plants_symbol,p2veg_tree_layer;sapling;seedling;tree,TRUE,FALSE,15229993.0844473,0
taxon:abies_lasiocarpa_var_arizonica,Abies lasiocarpa var. arizonica,2,fia_spcd:18;p2veg:ABLAA,fia_spcd;nrcs_plants_symbol,p2veg_tree_layer;sapling;seedling;tree,FALSE,FALSE,448109.91241382,361557.557146
taxon:abies_magnifica,Abies magnifica,2,fia_spcd:20;p2veg:ABMA,fia_spcd;nrcs_plants_symbol,p2veg_tree_layer;sapling;seedling;tree,TRUE,FALSE,508118.82210319,0
taxon:abies_procera,Abies procera,2,fia_spcd:22;p2veg:ABPR,fia_spcd;nrcs_plants_symbol,p2veg_tree_layer;sapling;seedling;tree,TRUE,FALSE,308741.749392746,0
taxon:acacia_confusa,Acacia confusa,2,fia_spcd:6004;p2veg:ACCO,fia_spcd;nrcs_plants_symbol,p2veg_tree_layer;sapling;seedling;tree,FALSE,FALSE,34247.3162133529,27212.397527
taxon:acacia_koa,Acacia koa,2,fia_spcd:6006;p2veg:ACKO,fia_spcd;nrcs_plants_symbol,p2veg_tree_layer;sapling;seedling;tree,FALSE,FALSE,12121.9351052144,4497.916941
taxon:acacia_koaia,Acacia koaia,2,fia_spcd:6007;p2veg:ACKO2,fia_spcd;nrcs_plants_symbol,p2veg_tree_layer;sapling;tree,FALSE,FALSE,324.351316684841,0
taxon:acacia_mearnsii,Acacia mearnsii,2,fia_spcd:6010;p2veg:ACME80,fia_spcd;nrcs_plants_symbol,p2veg_tree_layer;sapling;seedling;tree,TRUE,FALSE,2640.27448617305,0
taxon:acer_circinatum,Acer circinatum,2,fia_spcd:5146;p2veg:ACCI,fia_spcd;nrcs_plants_symbol,forb;p2veg_tree_layer;sapling;seedling;shrub,TRUE,FALSE,440042.544645,0
taxon:acer_glabrum,Acer glabrum,2,fia_spcd:321;p2veg:ACGL,fia_spcd;nrcs_plants_symbol,p2veg_tree_layer;sapling;seedling;shrub;tree,TRUE,FALSE,313783.434958565,0
taxon:acer_grandidentatum,Acer grandidentatum,2,fia_spcd:322;p2veg:ACGR3,fia_spcd;nrcs_plants_symbol,p2veg_tree_layer;sapling;seedling;shrub;tree,TRUE,FALSE,897288.127745123,0
taxon:acer_macrophyllum,Acer macrophyllum,2,fia_spcd:312;p2veg:ACMA3,fia_spcd;nrcs_plants_symbol,p2veg_tree_layer;sapling;seedling;tree,TRUE,FALSE,450560.70190981,0
taxon:acer_negundo,Acer negundo,2,fia_spcd:313;p2veg:ACNE2,fia_spcd;nrcs_plants_symbol,p2veg_tree_layer;sapling;seedling;shrub;tree,TRUE,FALSE,3993876.40979073,0
taxon:acer_platanoides,Acer platanoides,2,fia_spcd:320;p2veg:ACPL,fia_spcd;nrcs_plants_symbol,p2veg_tree_layer;sapling;seedling;tree,TRUE,FALSE,52768.4837713151,0
taxon:acer_rubrum,Acer rubrum,2,fia_spcd:316;p2veg:ACRU,fia_spcd;nrcs_plants_symbol,p2veg_tree_layer;sapling;seedling;tree,TRUE,FALSE,74032394.3356017,0
taxon:aesculus_californica,Aesculus californica,2,fia_spcd:333;p2veg:AECA,fia_spcd;nrcs_plants_symbol,p2veg_tree_layer;sapling;seedling;tree,TRUE,FALSE,62214.1784021912,0
taxon:ailanthus_altissima,Ailanthus altissima,2,fia_spcd:341;p2veg:AIAL,fia_spcd;nrcs_plants_symbol,p2veg_tree_layer;sapling;seedling;tree,TRUE,FALSE,910393.741252075,0
taxon:alnus_oblongifolia,Alnus oblongifolia,2,fia_spcd:353;p2veg:ALOB2,fia_spcd;nrcs_plants_symbol,p2veg_tree_layer;sapling;seedling;tree,TRUE,FALSE,1648.62748551946,0
taxon:alnus_rhombifolia,Alnus rhombifolia,2,fia_spcd:352;p2veg:ALRH2,fia_spcd;nrcs_plants_symbol,p2veg_tree_layer;sapling;seedling;shrub;tree,TRUE,FALSE,23625.2557613477,0
taxon:alnus_rubra,Alnus rubra,2,fia_spcd:351;p2veg:ALRU2,fia_spcd;nrcs_plants_symbol,p2veg_tree_layer;sapling;seedling;shrub;tree,TRUE,FALSE,710599.837347306,0
taxon:alphitonia_ponderosa,Alphitonia ponderosa,2,fia_spcd:6089;p2veg:ALPO3,fia_spcd;nrcs_plants_symbol,p2veg_tree_layer;tree,FALSE,FALSE,26.1785234320866,0
taxon:antidesma_platyphyllum,Antidesma platyphyllum,2,fia_spcd:6139;p2veg:ANPL2,fia_spcd;nrcs_plants_symbol,p2veg_tree_layer;sapling;seedling;tree,FALSE,FALSE,2907.9672608119,899.583386
taxon:arbutus_arizonica,Arbutus arizonica,2,fia_spcd:362;p2veg:ARAR2,fia_spcd;nrcs_plants_symbol,p2veg_tree_layer;sapling;seedling;tree,TRUE,FALSE,1897.97474389022,0
taxon:arbutus_menziesii,Arbutus menziesii,2,fia_spcd:361;p2veg:ARME,fia_spcd;nrcs_plants_symbol,p2veg_tree_layer;sapling;seedling;tree,TRUE,FALSE,451432.208979126,0
taxon:arbutus_xalapensis,Arbutus xalapensis,2,fia_spcd:363;p2veg:ARXA80,fia_spcd;nrcs_plants_symbol,p2veg_tree_layer;sapling;seedling;tree,TRUE,FALSE,701.661365898702,0
taxon:archontophoenix_alexandrae,Archontophoenix alexandrae,2,fia_spcd:6159;p2veg:ARAL,fia_spcd;nrcs_plants_symbol,p2veg_tree_layer;seedling;tree,FALSE,FALSE,504.517734791846,449.791695
taxon:ardisia_elliptica,Ardisia elliptica,2,fia_spcd:6161;p2veg:AREL4,fia_spcd;nrcs_plants_symbol,p2veg_tree_layer;sapling;seedling;tree,TRUE,FALSE,203020.218023965,0
taxon:betula_neoalaskana,Betula neoalaskana,2,fia_spcd:376;p2veg:BENE4,fia_spcd;nrcs_plants_symbol,p2veg_tree_layer;sapling;seedling;tree,TRUE,FALSE,744244.282092977,0
taxon:betula_occidentalis,Betula occidentalis,2,fia_spcd:374;p2veg:BEOC2,fia_spcd;nrcs_plants_symbol,p2veg_tree_layer;sapling;seedling;shrub;tree,TRUE,FALSE,54230.9677412918,0
taxon:betula_papyrifera,Betula papyrifera,2,fia_spcd:375;p2veg:BEPA,fia_spcd;nrcs_plants_symbol,p2veg_tree_layer;sapling;seedling;tree,TRUE,FALSE,7790489.85206809,0
taxon:bischofia_javanica,Bischofia javanica,2,fia_spcd:6236;p2veg:BIJA,fia_spcd;nrcs_plants_symbol,p2veg_tree_layer;tree,TRUE,FALSE,46.4503006736344,0
taxon:bobea_elatior,Bobea elatior,2,fia_spcd:6243;p2veg:BOEL3,fia_spcd;nrcs_plants_symbol,p2veg_tree_layer;sapling;tree,FALSE,FALSE,189.73426294282,0
taxon:bobea_sandwicensis,Bobea sandwicensis,2,fia_spcd:6244;p2veg:BOSA2,fia_spcd;nrcs_plants_symbol,p2veg_tree_layer;sapling;seedling;tree,FALSE,FALSE,467.836499397271,149.930565
taxon:broussaisia_arguta,Broussaisia arguta,2,fia_spcd:6260;p2veg:BRAR6,fia_spcd;nrcs_plants_symbol,p2veg_tree_layer;sapling;seedling;shrub;tree,FALSE,FALSE,24901.4427576653,16642.292692
taxon:buddleja_asiatica,Buddleja asiatica,2,fia_spcd:6286;p2veg:BUAS,fia_spcd;nrcs_plants_symbol,p2veg_tree_layer;seedling;shrub,FALSE,FALSE,109.045929,74.965282
taxon:calocedrus_decurrens,Calocedrus decurrens,2,fia_spcd:81;p2veg:CADE27,fia_spcd;nrcs_plants_symbol,p2veg_tree_layer;sapling;seedling;tree,TRUE,FALSE,1713501.18418511,0
taxon:caragana_arborescens,Caragana arborescens,2,fia_spcd:5375;p2veg:CAAR18,fia_spcd;nrcs_plants_symbol,sapling;seedling;shrub,TRUE,FALSE,2415.889038,0
taxon:carica_papaya,Carica papaya,2,fia_spcd:6395;p2veg:CAPA23,fia_spcd;nrcs_plants_symbol,p2veg_tree_layer;seedling,TRUE,FALSE,153.930564,0
taxon:casuarina_cunninghamiana,Casuarina cunninghamiana,2,fia_spcd:6433;p2veg:CACU8,fia_spcd;nrcs_plants_symbol,p2veg_tree_layer;sapling;seedling;tree,TRUE,FALSE,2513.35687709108,0
taxon:casuarina_equisetifolia,Casuarina equisetifolia,2,fia_spcd:6434;p2veg:CAEQ,fia_spcd;nrcs_plants_symbol,p2veg_tree_layer;sapling;seedling;tree,TRUE,FALSE,4427.13607277762,0
taxon:casuarina_glauca,Casuarina glauca,2,fia_spcd:856;p2veg:CAGL11,fia_spcd;nrcs_plants_symbol,p2veg_tree_layer;seedling;tree,TRUE,FALSE,238.552565073788,0
taxon:cecropia_obtusifolia,Cecropia obtusifolia,2,fia_spcd:6441;p2veg:CEOB,fia_spcd;nrcs_plants_symbol,p2veg_tree_layer;sapling;seedling;tree,TRUE,FALSE,3831.26088208918,0
taxon:celtis_laevigata,Celtis laevigata,2,fia_spcd:461;p2veg:CELA,fia_spcd;nrcs_plants_symbol,p2veg_tree_layer;sapling;seedling;shrub;tree,TRUE,FALSE,2609357.31081743,0
taxon:celtis_laevigata_var_reticulata,Celtis laevigata var. reticulata,2,fia_spcd:463;p2veg:CELAR,fia_spcd;nrcs_plants_symbol,p2veg_tree_layer;sapling;seedling;shrub;tree,FALSE,FALSE,263617.067241483,217474.2842
taxon:celtis_occidentalis,Celtis occidentalis,2,fia_spcd:462;p2veg:CEOC,fia_spcd;nrcs_plants_symbol,p2veg_tree_layer;sapling;seedling;shrub;tree,TRUE,FALSE,7071441.75955565,0
taxon:cercocarpus_ledifolius,Cercocarpus ledifolius,2,fia_spcd:475;p2veg:CELE3,fia_spcd;nrcs_plants_symbol,p2veg_tree_layer;sapling;seedling;shrub;tree,TRUE,FALSE,398668.79571484,0
taxon:cestrum_nocturnum,Cestrum nocturnum,2,fia_spcd:6477;p2veg:CENO,fia_spcd;nrcs_plants_symbol,p2veg_tree_layer;sapling;seedling;shrub,TRUE,FALSE,1772.305646,0
taxon:chamaecyparis_lawsoniana,Chamaecyparis lawsoniana,2,fia_spcd:41;p2veg:CHLA,fia_spcd;nrcs_plants_symbol,p2veg_tree_layer;sapling;seedling;tree,TRUE,FALSE,99941.5303651024,0
taxon:chamaesyce_celastroides,Chamaesyce celastroides,2,fia_spcd:6483;p2veg:CHCE,fia_spcd;nrcs_plants_symbol,p2veg_tree_layer;seedling;shrub,FALSE,FALSE,2033.062626,2024.062626
taxon:cheirodendron_platyphyllum,Cheirodendron platyphyllum,2,fia_spcd:6510;p2veg:CHPL,fia_spcd;nrcs_plants_symbol,p2veg_tree_layer;tree,FALSE,FALSE,33.8465895114538,0
taxon:cheirodendron_trigynum,Cheirodendron trigynum,2,fia_spcd:6514;p2veg:CHTR2,fia_spcd;nrcs_plants_symbol,p2veg_tree_layer;sapling;seedling;tree,FALSE,FALSE,49920.3111300282,33059.689537
taxon:chenopodium_oahuense,Chenopodium oahuense,2,fia_spcd:6517;p2veg:CHOA,fia_spcd;nrcs_plants_symbol,sapling;shrub;tree,FALSE,FALSE,230.044880165528,0
taxon:chrysolepis_chrysophylla_var_chrysophylla,Chrysolepis chrysophylla var. chrysophylla,2,fia_spcd:431;p2veg:CHCHC4,fia_spcd;nrcs_plants_symbol,p2veg_tree_layer;sapling;seedling;shrub;tree,FALSE,FALSE,896938.446081021,758048.935864
taxon:chrysophyllum_oliviforme,Chrysophyllum oliviforme,2,fia_spcd:6542;p2veg:CHOL,fia_spcd;nrcs_plants_symbol,p2veg_tree_layer;sapling;seedling;tree,TRUE,FALSE,2001.4245215799,0
taxon:cibotium_chamissoi,Cibotium chamissoi,2,fia_spcd:6546;p2veg:CICH,fia_spcd;nrcs_plants_symbol,p2veg_tree_layer;seedling;tree,FALSE,FALSE,2187.59226432423,1949.097341
taxon:cibotium_glaucum,Cibotium glaucum,2,fia_spcd:6547;p2veg:CIGL,fia_spcd;nrcs_plants_symbol,p2veg_tree_layer;sapling;seedling;tree,FALSE,FALSE,106551.154201054,85685.317794
taxon:cibotium_menziesii,Cibotium menziesii,2,fia_spcd:6548;p2veg:CIME8,fia_spcd;nrcs_plants_symbol,p2veg_tree_layer;sapling;seedling;tree,FALSE,FALSE,27362.7135956787,23014.341677
taxon:cinnamomum_burmannii,Cinnamomum burmannii,2,fia_spcd:6555;p2veg:CIBU2,fia_spcd;nrcs_plants_symbol,p2veg_tree_layer;sapling;seedling;tree,FALSE,FALSE,17204.1483247381,14993.056492
taxon:cinnamomum_camphora,Cinnamomum camphora,2,fia_spcd:858;p2veg:CICA,fia_spcd;nrcs_plants_symbol,p2veg_tree_layer;sapling;seedling;tree,TRUE,FALSE,69119.3888007725,0
taxon:cinnamomum_verum,Cinnamomum verum,2,fia_spcd:6564;p2veg:CIVE2,fia_spcd;nrcs_plants_symbol,p2veg_tree_layer;sapling;seedling;tree,TRUE,FALSE,227.245277518721,0
taxon:citharexylum_caudatum,Citharexylum caudatum,2,fia_spcd:6565;p2veg:CICA8,fia_spcd;nrcs_plants_symbol,p2veg_tree_layer;sapling;seedling;tree,TRUE,FALSE,18784.2090163321,0
taxon:citrus_maxima,Citrus maxima,2,fia_spcd:6581;p2veg:CIMA5,fia_spcd;nrcs_plants_symbol,p2veg_tree_layer;tree,FALSE,FALSE,27.103381964266,0
taxon:clusia_rosea,Clusia rosea,2,fia_spcd:6651;p2veg:CLRO,fia_spcd;nrcs_plants_symbol,p2veg_tree_layer;sapling;seedling;tree,TRUE,FALSE,44076.8610736269,0
taxon:cocos_nucifera,Cocos nucifera,2,fia_spcd:908;p2veg:CONU,fia_spcd;nrcs_plants_symbol,p2veg_tree_layer;seedling;tree,TRUE,FALSE,768.068281877325,0
taxon:coffea_arabica,Coffea arabica,2,fia_spcd:6684;p2veg:COAR2,fia_spcd;nrcs_plants_symbol,p2veg_tree_layer;sapling;seedling;tree,TRUE,FALSE,8980.82556131478,0
taxon:commersonia_bartramia,Commersonia bartramia,2,fia_spcd:6703;p2veg:COBA17,fia_spcd;nrcs_plants_symbol,p2veg_tree_layer;sapling,FALSE,FALSE,184.930564,0
taxon:coprosma_foliosa,Coprosma foliosa,2,fia_spcd:6716;p2veg:COFO2,fia_spcd;nrcs_plants_symbol,p2veg_tree_layer;seedling,FALSE,FALSE,274.895847,224.895847
taxon:coprosma_montana,Coprosma montana,2,fia_spcd:6719;p2veg:COMO3,fia_spcd;nrcs_plants_symbol,p2veg_tree_layer;sapling;seedling,FALSE,FALSE,2145.027903,1574.270929
taxon:coprosma_ochracea,Coprosma ochracea,2,fia_spcd:6720;p2veg:COOC3,fia_spcd;nrcs_plants_symbol,p2veg_tree_layer;sapling;seedling;tree,FALSE,FALSE,1369.83954274083,974.54867
taxon:coprosma_pubens,Coprosma pubens,2,fia_spcd:6721;p2veg:COPU8,fia_spcd;nrcs_plants_symbol,p2veg_tree_layer;sapling;seedling;tree,FALSE,FALSE,2799.19193279131,2548.819597
taxon:coprosma_rhynchocarpa,Coprosma rhynchocarpa,2,fia_spcd:6722;p2veg:CORH,fia_spcd;nrcs_plants_symbol,p2veg_tree_layer;sapling;seedling;tree,FALSE,FALSE,1499.62177084641,224.895846
taxon:cordyline_fruticosa,Cordyline fruticosa,2,fia_spcd:6744;p2veg:COFR2,fia_spcd;nrcs_plants_symbol,p2veg_tree_layer;sapling;seedling;tree,TRUE,FALSE,9977.13987154059,0
taxon:cornus_nuttallii,Cornus nuttallii,2,fia_spcd:492;p2veg:CONU4,fia_spcd;nrcs_plants_symbol,p2veg_tree_layer;sapling;seedling;shrub;tree,TRUE,FALSE,220673.854290941,0
taxon:crataegus_chrysocarpa,Crataegus chrysocarpa,2,fia_spcd:505;p2veg:CRCH,fia_spcd;nrcs_plants_symbol,p2veg_tree_layer;sapling;seedling;shrub,TRUE,FALSE,5146.02107,0
taxon:crataegus_succulenta,Crataegus succulenta,2,fia_spcd:5092;p2veg:CRSU5,fia_spcd;nrcs_plants_symbol,p2veg_tree_layer;sapling;seedling;shrub,TRUE,FALSE,243.930564,0
taxon:cryptomeria_japonica,Cryptomeria japonica,2,fia_spcd:6786;p2veg:CRJA3,fia_spcd;nrcs_plants_symbol,p2veg_tree_layer;tree,TRUE,FALSE,81.1125693848491,0
taxon:cyathea_cooperi,Cyathea cooperi,2,fia_spcd:6837;p2veg:CYCO18,fia_spcd;nrcs_plants_symbol,forb;p2veg_tree_layer;sapling;seedling;tree,FALSE,TRUE,258.038395540592,149.930565
taxon:diospyros_sandwicensis,Diospyros sandwicensis,2,fia_spcd:6911;p2veg:DISA10,fia_spcd;nrcs_plants_symbol,p2veg_tree_layer;sapling;seedling;tree,FALSE,FALSE,892.781692417009,224.895846
taxon:elaeagnus_angustifolia,Elaeagnus angustifolia,2,fia_spcd:997;p2veg:ELAN,fia_spcd;nrcs_plants_symbol,p2veg_tree_layer;sapling;seedling;shrub;tree,TRUE,FALSE,177254.704665412,0
taxon:erythrina_sandwicensis,Erythrina sandwicensis,2,fia_spcd:7012;p2veg:ERSA11,fia_spcd;nrcs_plants_symbol,p2veg_tree_layer;tree,FALSE,FALSE,142.166302650549,0
taxon:eucalyptus_deglupta,Eucalyptus deglupta,2,fia_spcd:7034;p2veg:EUDE2,fia_spcd;nrcs_plants_symbol,p2veg_tree_layer;sapling;tree,TRUE,FALSE,379.877101351041,0
taxon:eucalyptus_globulus,Eucalyptus globulus,2,fia_spcd:511;p2veg:EUGL,fia_spcd;nrcs_plants_symbol,p2veg_tree_layer;sapling;seedling;tree,TRUE,FALSE,452.392672183402,0
taxon:eucalyptus_grandis,Eucalyptus grandis,2,fia_spcd:513;p2veg:EUGR12,fia_spcd;nrcs_plants_symbol,p2veg_tree_layer;sapling;seedling;tree,FALSE,FALSE,10020.2648209711,3298.472425
taxon:eucalyptus_pilularis,Eucalyptus pilularis,2,fia_spcd:7047;p2veg:EUPI,fia_spcd;nrcs_plants_symbol,p2veg_tree_layer;tree,FALSE,FALSE,37.2303293435068,0
taxon:eucalyptus_robusta,Eucalyptus robusta,2,fia_spcd:514;p2veg:EURO2,fia_spcd;nrcs_plants_symbol,p2veg_tree_layer;sapling;seedling;tree,TRUE,FALSE,5250.33196383185,0
taxon:eucalyptus_saligna,Eucalyptus saligna,2,fia_spcd:7053;p2veg:EUSA,fia_spcd;nrcs_plants_symbol,p2veg_tree_layer;tree,FALSE,FALSE,78.3641607637346,0
taxon:falcataria_moluccana,Falcataria moluccana,2,fia_spcd:7144;p2veg:FAMO,fia_spcd;nrcs_plants_symbol,p2veg_tree_layer;sapling;seedling;tree,TRUE,FALSE,3493.21515501673,0
taxon:ficus_carica,Ficus carica,2,fia_spcd:7151;p2veg:FICA,fia_spcd;nrcs_plants_symbol,p2veg_tree_layer;sapling;shrub;tree,TRUE,FALSE,556.081806578508,0
taxon:ficus_microcarpa,Ficus microcarpa,2,fia_spcd:7160;p2veg:FIMI2,fia_spcd;nrcs_plants_symbol,p2veg_tree_layer;sapling;seedling;tree,TRUE,FALSE,1243.84865181745,0
taxon:flindersia_brayleyana,Flindersia brayleyana,2,fia_spcd:7188;p2veg:FLBR,fia_spcd;nrcs_plants_symbol,p2veg_tree_layer;seedling;tree,FALSE,FALSE,115.01773677981,74.965282
taxon:fraxinus_latifolia,Fraxinus latifolia,2,fia_spcd:542;p2veg:FRLA,fia_spcd;nrcs_plants_symbol,p2veg_tree_layer;sapling;seedling;shrub;tree,TRUE,FALSE,69806.614181891,0
taxon:fraxinus_pennsylvanica,Fraxinus pennsylvanica,2,fia_spcd:544;p2veg:FRPE,fia_spcd;nrcs_plants_symbol,p2veg_tree_layer;sapling;seedling;tree,TRUE,FALSE,20148362.7080498,0
taxon:fraxinus_uhdei,Fraxinus uhdei,2,fia_spcd:7206;p2veg:FRUH,fia_spcd;nrcs_plants_symbol,p2veg_tree_layer;sapling;seedling;tree,TRUE,FALSE,1556.65125547394,0
taxon:fraxinus_velutina,Fraxinus velutina,2,fia_spcd:547;p2veg:FRVE2,fia_spcd;nrcs_plants_symbol,p2veg_tree_layer;sapling;seedling;tree,TRUE,FALSE,29545.9216367383,0
taxon:grevillea_robusta,Grevillea robusta,2,fia_spcd:7273;p2veg:GRRO,fia_spcd;nrcs_plants_symbol,p2veg_tree_layer;sapling;seedling;tree,FALSE,FALSE,2360.76768102545,674.68754
taxon:hedyotis_fosbergii,Hedyotis fosbergii,2,fia_spcd:7343;p2veg:HEFO5,fia_spcd;nrcs_plants_symbol,p2veg_tree_layer;seedling,FALSE,FALSE,77.965282,74.965282
taxon:hedyotis_hillebrandii,Hedyotis hillebrandii,2,fia_spcd:7344;p2veg:HEHI8,fia_spcd;nrcs_plants_symbol,p2veg_tree_layer;sapling;seedling;tree,FALSE,FALSE,1908.09775375542,599.722258
taxon:hedyotis_terminalis,Hedyotis terminalis,2,fia_spcd:7346;p2veg:HETE21,fia_spcd;nrcs_plants_symbol,p2veg_tree_layer;sapling;seedling,FALSE,FALSE,1358.280377,824.618104
taxon:heliocarpus_popayanensis,Heliocarpus popayanensis,2,fia_spcd:7349;p2veg:HEPO4,fia_spcd;nrcs_plants_symbol,p2veg_tree_layer;sapling;seedling;tree,TRUE,FALSE,821.387474921709,0
taxon:hibiscus_tiliaceus,Hibiscus tiliaceus,2,fia_spcd:7412;p2veg:HITI,fia_spcd;nrcs_plants_symbol,p2veg_tree_layer;sapling;seedling;tree,FALSE,FALSE,4477.02646404293,1049.513954
taxon:ilex_anomala,Ilex anomala,2,fia_spcd:7453;p2veg:ILAN,fia_spcd;nrcs_plants_symbol,p2veg_tree_layer;sapling;seedling;tree,FALSE,FALSE,14903.2847092056,9745.486701
taxon:ilex_aquifolium,Ilex aquifolium,2,fia_spcd:7454;p2veg:ILAQ80,fia_spcd;nrcs_plants_symbol,p2veg_tree_layer;sapling;seedling;shrub;tree,TRUE,FALSE,7811.85819677533,0
taxon:ilex_opaca,Ilex opaca,2,fia_spcd:591;p2veg:ILOP,fia_spcd;nrcs_plants_symbol,p2veg_tree_layer;sapling;seedling;tree,TRUE,FALSE,6743769.82323315,0
taxon:jacaranda_mimosifolia,Jacaranda mimosifolia,2,fia_spcd:7482;p2veg:JAMI,fia_spcd;nrcs_plants_symbol,p2veg_tree_layer;seedling;tree,TRUE,FALSE,96.1866043555136,0
taxon:juglans_californica,Juglans californica,2,fia_spcd:604;p2veg:JUCA,fia_spcd;nrcs_plants_symbol,p2veg_tree_layer;sapling;seedling;tree,TRUE,FALSE,1570.13818304272,0
taxon:juglans_hindsii,Juglans hindsii,2,fia_spcd:603;p2veg:JUHI,fia_spcd;nrcs_plants_symbol,p2veg_tree_layer;sapling;seedling;tree,TRUE,FALSE,1247.15719245323,0
taxon:juglans_major,Juglans major,2,fia_spcd:606;p2veg:JUMA,fia_spcd;nrcs_plants_symbol,p2veg_tree_layer;sapling;seedling;tree,TRUE,FALSE,10988.6586981043,0
taxon:juglans_microcarpa,Juglans microcarpa,2,fia_spcd:605;p2veg:JUMI,fia_spcd;nrcs_plants_symbol,p2veg_tree_layer;sapling;seedling;tree,TRUE,FALSE,5111.20158701128,0
taxon:juglans_nigra,Juglans nigra,2,fia_spcd:602;p2veg:JUNI,fia_spcd;nrcs_plants_symbol,p2veg_tree_layer;sapling;seedling;tree,TRUE,FALSE,893036.016213282,0
taxon:juniperus_californica,Juniperus californica,2,fia_spcd:62;p2veg:JUCA7,fia_spcd;nrcs_plants_symbol,p2veg_tree_layer;sapling;seedling;shrub;tree,TRUE,FALSE,17718.5228071974,0
taxon:juniperus_coahuilensis,Juniperus coahuilensis,2,fia_spcd:59;p2veg:JUCO11,fia_spcd;nrcs_plants_symbol,p2veg_tree_layer;sapling;seedling;tree,TRUE,FALSE,80007.9453534017,0
taxon:juniperus_deppeana,Juniperus deppeana,2,fia_spcd:63;p2veg:JUDE2,fia_spcd;nrcs_plants_symbol,p2veg_tree_layer;sapling;seedling;shrub;tree,TRUE,FALSE,219501.240778295,0
taxon:juniperus_monosperma,Juniperus monosperma,2,fia_spcd:69;p2veg:JUMO,fia_spcd;nrcs_plants_symbol,p2veg_tree_layer;sapling;seedling;shrub;tree,TRUE,FALSE,447142.421180026,0
taxon:juniperus_occidentalis,Juniperus occidentalis,2,fia_spcd:64;p2veg:JUOC,fia_spcd;nrcs_plants_symbol,p2veg_tree_layer;sapling;seedling;tree,TRUE,FALSE,465918.325317792,0
taxon:juniperus_osteosperma,Juniperus osteosperma,2,fia_spcd:65;p2veg:JUOS,fia_spcd;nrcs_plants_symbol,p2veg_tree_layer;sapling;seedling;tree,TRUE,FALSE,1343789.95222809,0
taxon:juniperus_pinchotii,Juniperus pinchotii,2,fia_spcd:58;p2veg:JUPI,fia_spcd;nrcs_plants_symbol,p2veg_tree_layer;sapling;seedling;tree,TRUE,FALSE,276910.058969042,0
taxon:juniperus_scopulorum,Juniperus scopulorum,2,fia_spcd:66;p2veg:JUSC2,fia_spcd;nrcs_plants_symbol,p2veg_tree_layer;sapling;seedling;shrub;tree,TRUE,FALSE,722545.684479544,0
taxon:larix_laricina,Larix laricina,2,fia_spcd:71;p2veg:LALA,fia_spcd;nrcs_plants_symbol,p2veg_tree_layer;sapling;seedling;tree,TRUE,FALSE,3831337.41753308,0
taxon:larix_lyallii,Larix lyallii,2,fia_spcd:72;p2veg:LALY,fia_spcd;nrcs_plants_symbol,p2veg_tree_layer;sapling;seedling;tree,TRUE,FALSE,71851.9326461443,0
taxon:larix_occidentalis,Larix occidentalis,2,fia_spcd:73;p2veg:LAOC,fia_spcd;nrcs_plants_symbol,p2veg_tree_layer;sapling;seedling;tree,TRUE,FALSE,1085942.31371808,0
taxon:leptospermum_scoparium,Leptospermum scoparium,2,fia_spcd:7561;p2veg:LESC2,fia_spcd;nrcs_plants_symbol,sapling;seedling;shrub,FALSE,FALSE,230.895846,74.965282
taxon:leucaena_leucocephala,Leucaena leucocephala,2,fia_spcd:7565;p2veg:LELE10,fia_spcd;nrcs_plants_symbol,p2veg_tree_layer;sapling;seedling;tree,TRUE,FALSE,74522.9191496831,0
taxon:liquidambar_styraciflua,Liquidambar styraciflua,2,fia_spcd:611;p2veg:LIST2,fia_spcd;nrcs_plants_symbol,p2veg_tree_layer;sapling;seedling;tree,TRUE,FALSE,32156872.2777844,0
taxon:litchi_chinensis,Litchi chinensis,2,fia_spcd:7583;p2veg:LICH4,fia_spcd;nrcs_plants_symbol,p2veg_tree_layer;tree,FALSE,FALSE,79.995557374679,0
taxon:macadamia_integrifolia,Macadamia integrifolia,2,fia_spcd:7614;p2veg:MAIN8,fia_spcd;nrcs_plants_symbol,p2veg_tree_layer;seedling,TRUE,FALSE,85.045929,0
taxon:macaranga_mappa,Macaranga mappa,2,fia_spcd:7621;p2veg:MAMA28,fia_spcd;nrcs_plants_symbol,p2veg_tree_layer;sapling;seedling,FALSE,FALSE,1689.81893,824.618106
taxon:macaranga_tanarius,Macaranga tanarius,2,fia_spcd:7626;p2veg:MATA3,fia_spcd;nrcs_plants_symbol,p2veg_tree_layer;sapling;tree,FALSE,FALSE,134.005493258067,0
taxon:malus_fusca,Malus fusca,2,fia_spcd:661;p2veg:MAFU,fia_spcd;nrcs_plants_symbol,p2veg_tree_layer;sapling;seedling;shrub;tree,TRUE,FALSE,52706.7039863308,0
taxon:malus_pumila,Malus pumila,2,fia_spcd:7651;p2veg:MAPU,fia_spcd;nrcs_plants_symbol,p2veg_tree_layer;seedling;tree,TRUE,FALSE,190.827677862613,0
taxon:mangifera_indica,Mangifera indica,2,fia_spcd:885;p2veg:MAIN3,fia_spcd;nrcs_plants_symbol,p2veg_tree_layer;sapling;seedling;tree,TRUE,FALSE,1496.40654253034,0
taxon:melaleuca_quinquenervia,Melaleuca quinquenervia,2,fia_spcd:992;p2veg:MEQU,fia_spcd;nrcs_plants_symbol,p2veg_tree_layer;sapling;seedling;tree,TRUE,FALSE,116994.495623104,0
taxon:melia_azedarach,Melia azedarach,2,fia_spcd:993;p2veg:MEAZ,fia_spcd;nrcs_plants_symbol,p2veg_tree_layer;sapling;seedling;tree,TRUE,FALSE,179191.134106435,0
taxon:melicope_clusiifolia,Melicope clusiifolia,2,fia_spcd:7724;p2veg:MECL,fia_spcd;nrcs_plants_symbol,p2veg_tree_layer;sapling;seedling;tree,FALSE,FALSE,18655.5232306343,16717.257975
taxon:melicope_hawaiensis,Melicope hawaiensis,2,fia_spcd:7729;p2veg:MEHA4,fia_spcd;nrcs_plants_symbol,p2veg_tree_layer;seedling,FALSE,FALSE,452.791695,449.791695
taxon:melicope_ovata,Melicope ovata,2,fia_spcd:7742;p2veg:MEOV2,fia_spcd;nrcs_plants_symbol,p2veg_tree_layer;sapling;seedling,FALSE,FALSE,425.826411,224.895847
taxon:melicope_radiata,Melicope radiata,2,fia_spcd:7749;p2veg:MERA2,fia_spcd;nrcs_plants_symbol,p2veg_tree_layer;sapling;seedling;tree,FALSE,FALSE,272.325591740827,149.930565
taxon:melochia_umbellata,Melochia umbellata,2,fia_spcd:7769;p2veg:MEUM3,fia_spcd;nrcs_plants_symbol,p2veg_tree_layer;sapling;seedling;tree,FALSE,FALSE,1529.97608512344,749.652822
taxon:metrosideros_polymorpha,Metrosideros polymorpha,2,fia_spcd:7783;p2veg:MEPO5,fia_spcd;nrcs_plants_symbol,p2veg_tree_layer;sapling;seedling;tree,FALSE,FALSE,327078.305411252,169196.642437
taxon:michelia_champaca,Michelia champaca,2,fia_spcd:7801;p2veg:MICH4,fia_spcd;nrcs_plants_symbol,p2veg_tree_layer;tree,FALSE,TRUE,5.181607223824,0
taxon:miconia_calvescens,Miconia calvescens,2,fia_spcd:7805;p2veg:MICA20,fia_spcd;nrcs_plants_symbol,p2veg_tree_layer;sapling;seedling;shrub,TRUE,FALSE,596.34847,0
taxon:morella_faya,Morella faya,2,fia_spcd:7846;p2veg:MOFA,fia_spcd;nrcs_plants_symbol,p2veg_tree_layer;sapling;seedling;tree,FALSE,FALSE,4352.99329670083,1274.409799
taxon:morinda_citrifolia,Morinda citrifolia,2,fia_spcd:7849;p2veg:MOCI3,fia_spcd;nrcs_plants_symbol,p2veg_tree_layer;sapling;seedling;tree,TRUE,FALSE,3007.67360129224,0
taxon:morus_alba,Morus alba,2,fia_spcd:681;p2veg:MOAL,fia_spcd;nrcs_plants_symbol,p2veg_tree_layer;sapling;seedling;tree,TRUE,FALSE,139598.371484314,0
taxon:myoporum_sandwicense,Myoporum sandwicense,2,fia_spcd:7883;p2veg:MYSA,fia_spcd;nrcs_plants_symbol,p2veg_tree_layer;sapling;seedling;shrub;tree,FALSE,FALSE,1973.978176966,674.687539
taxon:myrsine_lanaiensis,Myrsine lanaiensis,2,fia_spcd:7921;p2veg:MYLA3,fia_spcd;nrcs_plants_symbol,p2veg_tree_layer;tree,FALSE,FALSE,22.0262273899048,0
taxon:myrsine_lessertiana,Myrsine lessertiana,2,fia_spcd:7922;p2veg:MYLE2,fia_spcd;nrcs_plants_symbol,p2veg_tree_layer;sapling;seedling;tree,FALSE,FALSE,13873.3766010718,10195.278398
taxon:myrsine_sandwicensis,Myrsine sandwicensis,2,fia_spcd:7926;p2veg:MYSA2,fia_spcd;nrcs_plants_symbol,p2veg_tree_layer;sapling;seedling;tree,FALSE,FALSE,21356.3415858588,18516.424743
taxon:nestegis_sandwicensis,Nestegis sandwicensis,2,fia_spcd:7960;p2veg:NESA2,fia_spcd;nrcs_plants_symbol,p2veg_tree_layer;sapling;seedling;tree,FALSE,FALSE,582.431245791313,74.965282
taxon:olneya_tesota,Olneya tesota,2,fia_spcd:990;p2veg:OLTE,fia_spcd;nrcs_plants_symbol,p2veg_tree_layer;shrub;tree,TRUE,FALSE,496.677031007378,0
taxon:ostrya_virginiana,Ostrya virginiana,2,fia_spcd:701;p2veg:OSVI,fia_spcd;nrcs_plants_symbol,p2veg_tree_layer;sapling;seedling;tree,TRUE,FALSE,19279363.888869,0
taxon:pandanus_tectorius,Pandanus tectorius,2,fia_spcd:8085;p2veg:PATE2,fia_spcd;nrcs_plants_symbol,p2veg_tree_layer;sapling;seedling;tree,TRUE,FALSE,1414.09296082372,0
taxon:perrottetia_sandwicensis,Perrottetia sandwicensis,2,fia_spcd:8131;p2veg:PESA3,fia_spcd;nrcs_plants_symbol,p2veg_tree_layer;sapling;seedling;tree,FALSE,FALSE,6554.81579747544,5022.673921
taxon:persea_americana,Persea americana,2,fia_spcd:7211;p2veg:PEAM3,fia_spcd;nrcs_plants_symbol,p2veg_tree_layer;seedling;tree,TRUE,FALSE,444.239988758837,0
taxon:picea_breweriana,Picea breweriana,2,fia_spcd:92;p2veg:PIBR,fia_spcd;nrcs_plants_symbol,p2veg_tree_layer;sapling;seedling;tree,TRUE,FALSE,3255.63270368435,0
taxon:picea_engelmannii,Picea engelmannii,2,fia_spcd:93;p2veg:PIEN,fia_spcd;nrcs_plants_symbol,p2veg_tree_layer;sapling;seedling;tree,TRUE,FALSE,4118040.6888398,0
taxon:picea_glauca,Picea glauca,2,fia_spcd:94;p2veg:PIGL,fia_spcd;nrcs_plants_symbol,p2veg_tree_layer;sapling;seedling;tree,TRUE,FALSE,3480249.24006849,0
taxon:picea_mariana,Picea mariana,2,fia_spcd:95;p2veg:PIMA,fia_spcd;nrcs_plants_symbol,p2veg_tree_layer;sapling;seedling;tree,TRUE,FALSE,18350520.8830013,0
taxon:picea_pungens,Picea pungens,2,fia_spcd:96;p2veg:PIPU,fia_spcd;nrcs_plants_symbol,p2veg_tree_layer;sapling;seedling;tree,TRUE,FALSE,113469.132958459,0
taxon:picea_sitchensis,Picea sitchensis,2,fia_spcd:98;p2veg:PISI,fia_spcd;nrcs_plants_symbol,p2veg_tree_layer;sapling;seedling;tree,TRUE,FALSE,1662675.86067762,0
taxon:pinus_albicaulis,Pinus albicaulis,2,fia_spcd:101;p2veg:PIAL,fia_spcd;nrcs_plants_symbol,p2veg_tree_layer;sapling;seedling;tree,TRUE,FALSE,1293304.19793844,0
taxon:pinus_aristata,Pinus aristata,2,fia_spcd:102;p2veg:PIAR,fia_spcd;nrcs_plants_symbol,p2veg_tree_layer;sapling;seedling;tree,TRUE,FALSE,35170.7350314975,0
taxon:pinus_arizonica,Pinus arizonica,2,fia_spcd:135;p2veg:PIAR5,fia_spcd;nrcs_plants_symbol,p2veg_tree_layer;sapling;seedling;tree,TRUE,FALSE,713.350511787254,0
taxon:pinus_attenuata,Pinus attenuata,2,fia_spcd:103;p2veg:PIAT,fia_spcd;nrcs_plants_symbol,p2veg_tree_layer;sapling;seedling;tree,TRUE,FALSE,184984.120464242,0
taxon:pinus_balfouriana,Pinus balfouriana,2,fia_spcd:104;p2veg:PIBA,fia_spcd;nrcs_plants_symbol,p2veg_tree_layer;seedling;tree,TRUE,FALSE,7658.66123833326,0
taxon:pinus_caribaea,Pinus caribaea,2,fia_spcd:8183;p2veg:PICA18,fia_spcd;nrcs_plants_symbol,p2veg_tree_layer;tree,TRUE,FALSE,21.4052271489395,0
taxon:pinus_cembroides,Pinus cembroides,2,fia_spcd:140;p2veg:PICE,fia_spcd;nrcs_plants_symbol,p2veg_tree_layer;sapling;seedling;tree,TRUE,FALSE,24469.9838001996,0
taxon:pinus_contorta,Pinus contorta,2,fia_spcd:108;p2veg:PICO,fia_spcd;nrcs_plants_symbol,p2veg_tree_layer;sapling;seedling;tree,TRUE,FALSE,12620374.6679948,0
taxon:pinus_coulteri,Pinus coulteri,2,fia_spcd:109;p2veg:PICO3,fia_spcd;nrcs_plants_symbol,p2veg_tree_layer;sapling;seedling;tree,TRUE,FALSE,4332.97689168941,0
taxon:pinus_discolor,Pinus discolor,2,fia_spcd:134;p2veg:PIDI3,fia_spcd;nrcs_plants_symbol,p2veg_tree_layer;sapling;seedling;tree,FALSE,FALSE,31155.435011088,16267.466258
taxon:pinus_edulis,Pinus edulis,2,fia_spcd:106;p2veg:PIED,fia_spcd;nrcs_plants_symbol,p2veg_tree_layer;sapling;seedling;tree,TRUE,FALSE,2054479.13026651,0
taxon:pinus_flexilis,Pinus flexilis,2,fia_spcd:113;p2veg:PIFL2,fia_spcd;nrcs_plants_symbol,p2veg_tree_layer;sapling;seedling;tree,TRUE,FALSE,362301.44138205,0
taxon:pinus_jeffreyi,Pinus jeffreyi,2,fia_spcd:116;p2veg:PIJE,fia_spcd;nrcs_plants_symbol,p2veg_tree_layer;sapling;seedling;tree,TRUE,FALSE,213743.816359109,0
taxon:pinus_lambertiana,Pinus lambertiana,2,fia_spcd:117;p2veg:PILA,fia_spcd;nrcs_plants_symbol,p2veg_tree_layer;sapling;seedling;tree,TRUE,FALSE,306046.575993349,0
taxon:pinus_leiophylla,Pinus leiophylla,2,fia_spcd:118;p2veg:PILE,fia_spcd;nrcs_plants_symbol,p2veg_tree_layer;sapling;seedling;tree,TRUE,FALSE,1790.34823452403,0
taxon:pinus_longaeva,Pinus longaeva,2,fia_spcd:142;p2veg:PILO,fia_spcd;nrcs_plants_symbol,p2veg_tree_layer;sapling;seedling;tree,TRUE,FALSE,6872.50702086862,0
taxon:pinus_monophylla,Pinus monophylla,2,fia_spcd:133;p2veg:PIMO,fia_spcd;nrcs_plants_symbol,p2veg_tree_layer;sapling;seedling;tree,TRUE,FALSE,1114266.04275265,0
taxon:pinus_monticola,Pinus monticola,2,fia_spcd:119;p2veg:PIMO3,fia_spcd;nrcs_plants_symbol,p2veg_tree_layer;sapling;seedling;tree,TRUE,FALSE,489510.700425108,0
taxon:pinus_muricata,Pinus muricata,2,fia_spcd:120;p2veg:PIMU,fia_spcd;nrcs_plants_symbol,p2veg_tree_layer;sapling;seedling;tree,TRUE,FALSE,2130.77253772426,0
taxon:pinus_patula,Pinus patula,2,fia_spcd:8187;p2veg:PIPA13,fia_spcd;nrcs_plants_symbol,p2veg_tree_layer;tree,TRUE,FALSE,129.112214101534,0
taxon:pinus_pinaster,Pinus pinaster,2,fia_spcd:8188;p2veg:PIPI6,fia_spcd;nrcs_plants_symbol,p2veg_tree_layer;tree,TRUE,FALSE,328.531707406196,0
taxon:pinus_ponderosa,Pinus ponderosa,2,fia_spcd:122;p2veg:PIPO,fia_spcd;nrcs_plants_symbol,p2veg_tree_layer;sapling;seedling;tree,TRUE,FALSE,6425917.49887462,0
taxon:pinus_radiata,Pinus radiata,2,fia_spcd:124;p2veg:PIRA2,fia_spcd;nrcs_plants_symbol,p2veg_tree_layer;sapling;seedling;tree,TRUE,FALSE,1092.18640738483,0
taxon:pinus_sabiniana,Pinus sabiniana,2,fia_spcd:127;p2veg:PISA2,fia_spcd;nrcs_plants_symbol,p2veg_tree_layer;sapling;seedling;tree,TRUE,FALSE,40403.9567584524,0
taxon:pinus_strobiformis,Pinus strobiformis,2,fia_spcd:114;p2veg:PIST3,fia_spcd;nrcs_plants_symbol,p2veg_tree_layer;sapling;seedling;tree,TRUE,FALSE,23136.8311646608,0
taxon:pinus_sylvestris,Pinus sylvestris,2,fia_spcd:130;p2veg:PISY,fia_spcd;nrcs_plants_symbol,p2veg_tree_layer;sapling;seedling;tree,TRUE,FALSE,188645.871817966,0
taxon:pinus_taeda,Pinus taeda,2,fia_spcd:131;p2veg:PITA,fia_spcd;nrcs_plants_symbol,p2veg_tree_layer;sapling;seedling;tree,TRUE,FALSE,36555330.5134779,0
taxon:pipturus_albidus,Pipturus albidus,2,fia_spcd:8205;p2veg:PIAL2,fia_spcd;nrcs_plants_symbol,p2veg_tree_layer;sapling;seedling;shrub,FALSE,FALSE,398.861129,224.895847
taxon:pisonia_brunoniana,Pisonia brunoniana,2,fia_spcd:8212;p2veg:PIBR3,fia_spcd;nrcs_plants_symbol,p2veg_tree_layer;sapling;seedling;tree,FALSE,FALSE,858.90507978135,449.791695
taxon:pithecellobium_dulce,Pithecellobium dulce,2,fia_spcd:8220;p2veg:PIDU,fia_spcd;nrcs_plants_symbol,p2veg_tree_layer;sapling;seedling;tree,TRUE,FALSE,3446.43639611834,0
taxon:platanus_racemosa,Platanus racemosa,2,fia_spcd:730;p2veg:PLRA,fia_spcd;nrcs_plants_symbol,p2veg_tree_layer;sapling;tree,TRUE,FALSE,786.186292001559,0
taxon:platanus_wrightii,Platanus wrightii,2,fia_spcd:732;p2veg:PLWR2,fia_spcd;nrcs_plants_symbol,p2veg_tree_layer;sapling;seedling;tree,TRUE,FALSE,1639.8683397785,0
taxon:populus_angustifolia,Populus angustifolia,2,fia_spcd:749;p2veg:POAN3,fia_spcd;nrcs_plants_symbol,p2veg_tree_layer;sapling;seedling;tree,TRUE,FALSE,47869.5773159271,0
taxon:populus_balsamifera,Populus balsamifera,2,fia_spcd:741;p2veg:POBA2,fia_spcd;nrcs_plants_symbol,p2veg_tree_layer;sapling;seedling;tree,TRUE,FALSE,2861689.07724741,0
taxon:populus_balsamifera_ssp_trichocarpa,Populus balsamifera ssp. trichocarpa,2,fia_spcd:747;p2veg:POBAT,fia_spcd;nrcs_plants_symbol,p2veg_tree_layer;sapling;seedling;tree,FALSE,FALSE,258769.876384746,176643.599529
taxon:populus_deltoides,Populus deltoides,2,fia_spcd:742;p2veg:PODE3,fia_spcd;nrcs_plants_symbol,p2veg_tree_layer;sapling;seedling;tree,TRUE,FALSE,514221.190056726,0
taxon:populus_deltoides_ssp_monilifera,Populus deltoides ssp. monilifera,2,fia_spcd:745;p2veg:PODEM,fia_spcd;nrcs_plants_symbol,p2veg_tree_layer;sapling;seedling;tree,FALSE,FALSE,48068.7323785464,41230.905343
taxon:populus_fremontii,Populus fremontii,2,fia_spcd:748;p2veg:POFR2,fia_spcd;nrcs_plants_symbol,p2veg_tree_layer;sapling;seedling;tree,TRUE,FALSE,8444.06363715602,0
taxon:populus_tremuloides,Populus tremuloides,2,fia_spcd:746;p2veg:POTR5,fia_spcd;nrcs_plants_symbol,p2veg_tree_layer;sapling;seedling;tree,TRUE,FALSE,36821390.4146488,0
taxon:prosopis_glandulosa,Prosopis glandulosa,2,fia_spcd:756;p2veg:PRGL2,fia_spcd;nrcs_plants_symbol,p2veg_tree_layer;sapling;seedling;shrub;tree,TRUE,FALSE,2392257.09270465,0
taxon:prosopis_pallida,Prosopis pallida,2,fia_spcd:8344;p2veg:PRPA4,fia_spcd;nrcs_plants_symbol,p2veg_tree_layer;sapling;seedling;tree,FALSE,FALSE,6917.18409262305,3448.40299
taxon:prosopis_pubescens,Prosopis pubescens,2,fia_spcd:758;p2veg:PRPU,fia_spcd;nrcs_plants_symbol,p2veg_tree_layer;sapling;seedling;tree,TRUE,FALSE,1873.81324572901,0
taxon:prosopis_velutina,Prosopis velutina,2,fia_spcd:757;p2veg:PRVE,fia_spcd;nrcs_plants_symbol,p2veg_tree_layer;sapling;seedling;shrub;tree,TRUE,FALSE,127619.454907811,0
taxon:prunus_americana,Prunus americana,2,fia_spcd:766;p2veg:PRAM,fia_spcd;nrcs_plants_symbol,p2veg_tree_layer;sapling;seedling;shrub;tree,TRUE,FALSE,841802.309021938,0
taxon:prunus_angustifolia,Prunus angustifolia,2,fia_spcd:770;p2veg:PRAN3,fia_spcd;nrcs_plants_symbol,p2veg_tree_layer;sapling;seedling,TRUE,FALSE,64105.316466,0
taxon:prunus_avium,Prunus avium,2,fia_spcd:771;p2veg:PRAV,fia_spcd;nrcs_plants_symbol,p2veg_tree_layer;sapling;seedling;tree,TRUE,FALSE,41318.8627745074,0
taxon:prunus_domestica,Prunus domestica,2,fia_spcd:773;p2veg:PRDO,fia_spcd;nrcs_plants_symbol,p2veg_tree_layer;tree,TRUE,FALSE,67.4204246887416,0
taxon:prunus_emarginata,Prunus emarginata,2,fia_spcd:768;p2veg:PREM,fia_spcd;nrcs_plants_symbol,p2veg_tree_layer;sapling;seedling;shrub;tree,TRUE,FALSE,559332.779939783,0
taxon:prunus_laurocerasus,Prunus laurocerasus,2,fia_spcd:6696;p2veg:PRLA5,fia_spcd;nrcs_plants_symbol,p2veg_tree_layer;sapling;seedling;shrub;tree,TRUE,FALSE,39875.4352553328,0
taxon:prunus_pensylvanica,Prunus pensylvanica,2,fia_spcd:761;p2veg:PRPE2,fia_spcd;nrcs_plants_symbol,p2veg_tree_layer;sapling;seedling;shrub;tree,TRUE,FALSE,2216950.06717924,0
taxon:prunus_serotina,Prunus serotina,2,fia_spcd:762;p2veg:PRSE2,fia_spcd;nrcs_plants_symbol,p2veg_tree_layer;sapling;seedling;shrub;tree,TRUE,FALSE,22584285.7877399,0
taxon:prunus_serrulata,Prunus serrulata,2,fia_spcd:6707;p2veg:PRSE3,fia_spcd;nrcs_plants_symbol,p2veg_tree_layer;seedling;tree,TRUE,FALSE,176.876605452792,0
taxon:prunus_virginiana,Prunus virginiana,2,fia_spcd:763;p2veg:PRVI,fia_spcd;nrcs_plants_symbol,p2veg_tree_layer;sapling;seedling;shrub;tree,TRUE,FALSE,11948091.1778251,0
taxon:pseudotsuga_macrocarpa,Pseudotsuga macrocarpa,2,fia_spcd:201;p2veg:PSMA,fia_spcd;nrcs_plants_symbol,p2veg_tree_layer;tree,TRUE,FALSE,1057.5237407421,0
taxon:pseudotsuga_menziesii,Pseudotsuga menziesii,2,fia_spcd:202;p2veg:PSME,fia_spcd;nrcs_plants_symbol,p2veg_tree_layer;sapling;seedling;tree,TRUE,FALSE,14518079.0815409,0
taxon:psidium_cattleianum,Psidium cattleianum,2,fia_spcd:8355;p2veg:PSCA,fia_spcd;nrcs_plants_symbol,p2veg_tree_layer;sapling;seedling;tree,TRUE,FALSE,869279.388714673,0
taxon:psidium_guajava,Psidium guajava,2,fia_spcd:8356;p2veg:PSGU,fia_spcd;nrcs_plants_symbol,p2veg_tree_layer;sapling;seedling;tree,TRUE,FALSE,41511.8258846888,0
taxon:psychotria_hawaiiensis,Psychotria hawaiiensis,2,fia_spcd:8373;p2veg:PSHA3,fia_spcd;nrcs_plants_symbol,p2veg_tree_layer;sapling;seedling;tree,FALSE,FALSE,4076.36327771804,1799.166773
taxon:psychotria_mariniana,Psychotria mariniana,2,fia_spcd:8392;p2veg:PSMA6,fia_spcd;nrcs_plants_symbol,p2veg_tree_layer;sapling;seedling;tree,FALSE,FALSE,990.258543712163,224.895846
taxon:psydrax_odorata,Psydrax odorata,2,fia_spcd:8402;p2veg:PSOD,fia_spcd;nrcs_plants_symbol,p2veg_tree_layer;sapling;seedling;tree,FALSE,FALSE,16510.0897499529,12669.132731
taxon:pyrus_calleryana,Pyrus calleryana,2,fia_spcd:8421;p2veg:PYCA80,fia_spcd;nrcs_plants_symbol,p2veg_tree_layer;sapling;seedling;tree,FALSE,FALSE,74898.9081727511,53075.41987
taxon:pyrus_communis,Pyrus communis,2,fia_spcd:8423;p2veg:PYCO,fia_spcd;nrcs_plants_symbol,p2veg_tree_layer;sapling;seedling;tree,TRUE,FALSE,517.799914537728,0
taxon:quercus_agrifolia,Quercus agrifolia,2,fia_spcd:801;p2veg:QUAG,fia_spcd;nrcs_plants_symbol,p2veg_tree_layer;sapling;seedling;shrub;tree,TRUE,FALSE,131007.305849268,0
taxon:quercus_arizonica,Quercus arizonica,2,fia_spcd:803;p2veg:QUAR,fia_spcd;nrcs_plants_symbol,p2veg_tree_layer;sapling;seedling;shrub;tree,TRUE,FALSE,272873.099526891,0
taxon:quercus_chrysolepis,Quercus chrysolepis,2,fia_spcd:805;p2veg:QUCH2,fia_spcd;nrcs_plants_symbol,p2veg_tree_layer;sapling;seedling;shrub;tree,TRUE,FALSE,1473775.90053102,0
taxon:quercus_douglasii,Quercus douglasii,2,fia_spcd:807;p2veg:QUDO,fia_spcd;nrcs_plants_symbol,p2veg_tree_layer;sapling;seedling;tree,TRUE,FALSE,123095.586397071,0
taxon:quercus_emoryi,Quercus emoryi,2,fia_spcd:810;p2veg:QUEM,fia_spcd;nrcs_plants_symbol,p2veg_tree_layer;sapling;seedling;shrub;tree,TRUE,FALSE,96518.0133796405,0
taxon:quercus_engelmannii,Quercus engelmannii,2,fia_spcd:811;p2veg:QUEN,fia_spcd;nrcs_plants_symbol,p2veg_tree_layer;seedling;tree,TRUE,FALSE,1174.26202052763,0
taxon:quercus_gambelii,Quercus gambelii,2,fia_spcd:814;p2veg:QUGA,fia_spcd;nrcs_plants_symbol,p2veg_tree_layer;sapling;seedling;shrub;tree,TRUE,FALSE,21203423.1647746,0
taxon:quercus_garryana,Quercus garryana,2,fia_spcd:815;p2veg:QUGA4,fia_spcd;nrcs_plants_symbol,p2veg_tree_layer;sapling;seedling;tree,TRUE,FALSE,464352.405102642,0
taxon:quercus_grisea,Quercus grisea,2,fia_spcd:846;p2veg:QUGR3,fia_spcd;nrcs_plants_symbol,p2veg_tree_layer;sapling;seedling;shrub;tree,TRUE,FALSE,185558.17479324,0
taxon:quercus_hypoleucoides,Quercus hypoleucoides,2,fia_spcd:843;p2veg:QUHY,fia_spcd;nrcs_plants_symbol,p2veg_tree_layer;sapling;seedling;tree,TRUE,FALSE,154012.281259672,0
taxon:quercus_kelloggii,Quercus kelloggii,2,fia_spcd:818;p2veg:QUKE,fia_spcd;nrcs_plants_symbol,p2veg_tree_layer;sapling;seedling;shrub;tree,TRUE,FALSE,472494.867738283,0
taxon:quercus_lobata,Quercus lobata,2,fia_spcd:821;p2veg:QULO,fia_spcd;nrcs_plants_symbol,p2veg_tree_layer;sapling;seedling;tree,TRUE,FALSE,11409.548156011,0
taxon:quercus_macrocarpa,Quercus macrocarpa,2,fia_spcd:823;p2veg:QUMA2,fia_spcd;nrcs_plants_symbol,p2veg_tree_layer;sapling;seedling;tree,TRUE,FALSE,2238773.83104884,0
taxon:quercus_muehlenbergii,Quercus muehlenbergii,2,fia_spcd:826;p2veg:QUMU,fia_spcd;nrcs_plants_symbol,p2veg_tree_layer;sapling;seedling;tree,TRUE,FALSE,1259976.88981537,0
taxon:quercus_oblongifolia,Quercus oblongifolia,2,fia_spcd:829;p2veg:QUOB,fia_spcd;nrcs_plants_symbol,p2veg_tree_layer;sapling;seedling;tree,TRUE,FALSE,2450.7207287398,0
taxon:quercus_rugosa,Quercus rugosa,2,fia_spcd:847;p2veg:QURU4,fia_spcd;nrcs_plants_symbol,p2veg_tree_layer;sapling;seedling;shrub;tree,TRUE,FALSE,30638.4949635228,0
taxon:quercus_wislizeni,Quercus wislizeni,2,fia_spcd:839;p2veg:QUWI2,fia_spcd;nrcs_plants_symbol,p2veg_tree_layer;sapling;seedling;shrub;tree,TRUE,FALSE,348361.984311037,0
taxon:rhamnus_cathartica,Rhamnus cathartica,2,fia_spcd:6918;p2veg:RHCA3,fia_spcd;nrcs_plants_symbol,sapling;seedling;shrub;tree,TRUE,FALSE,2796651.41028585,0
taxon:rhodomyrtus_tomentosa,Rhodomyrtus tomentosa,2,fia_spcd:8466;p2veg:RHTO10,fia_spcd;nrcs_plants_symbol,sapling;shrub,TRUE,FALSE,83.965282,0
taxon:ricinus_communis,Ricinus communis,2,fia_spcd:8472;p2veg:RICO3,fia_spcd;nrcs_plants_symbol,p2veg_tree_layer;sapling;seedling,TRUE,FALSE,793.20248,0
taxon:robinia_pseudoacacia,Robinia pseudoacacia,2,fia_spcd:901;p2veg:ROPS,fia_spcd;nrcs_plants_symbol,p2veg_tree_layer;sapling;seedling;tree,TRUE,FALSE,1319299.50396068,0
taxon:salix_alba,Salix alba,2,fia_spcd:927;p2veg:SAAL2,fia_spcd;nrcs_plants_symbol,p2veg_tree_layer;sapling;seedling;tree,TRUE,FALSE,12030.4663781099,0
taxon:salix_amygdaloides,Salix amygdaloides,2,fia_spcd:921;p2veg:SAAM2,fia_spcd;nrcs_plants_symbol,p2veg_tree_layer;sapling;seedling;shrub;tree,TRUE,FALSE,461646.235962959,0
taxon:salix_bebbiana,Salix bebbiana,2,fia_spcd:923;p2veg:SABE2,fia_spcd;nrcs_plants_symbol,forb;p2veg_tree_layer;sapling;seedling;shrub;tree,TRUE,FALSE,171148.427086436,0
taxon:salix_nigra,Salix nigra,2,fia_spcd:922;p2veg:SANI,fia_spcd;nrcs_plants_symbol,p2veg_tree_layer;sapling;seedling;tree,TRUE,FALSE,1106666.32335832,0
taxon:samanea_saman,Samanea saman,2,fia_spcd:8505;p2veg:SASA10,fia_spcd;nrcs_plants_symbol,p2veg_tree_layer;tree,FALSE,FALSE,339.874045505006,0
taxon:santalum_ellipticum,Santalum ellipticum,2,fia_spcd:8516;p2veg:SAEL2,fia_spcd;nrcs_plants_symbol,p2veg_tree_layer;tree,FALSE,FALSE,25.0938415810458,0
taxon:santalum_freycinetianum,Santalum freycinetianum,2,fia_spcd:8517;p2veg:SAFR4,fia_spcd;nrcs_plants_symbol,p2veg_tree_layer;tree,FALSE,FALSE,33.4360191296457,0
taxon:santalum_paniculatum,Santalum paniculatum,2,fia_spcd:8522;p2veg:SAPA7,fia_spcd;nrcs_plants_symbol,p2veg_tree_layer;sapling;seedling;tree,FALSE,FALSE,1178.39404283981,224.895847
taxon:sapindus_oahuense,Sapindus oahuense,2,fia_spcd:8528;p2veg:SAOA3,fia_spcd;nrcs_plants_symbol,p2veg_tree_layer;tree,FALSE,FALSE,53.513747175076,0
taxon:sapindus_saponaria,Sapindus saponaria,2,fia_spcd:8529;p2veg:SASA4,fia_spcd;nrcs_plants_symbol,p2veg_tree_layer;seedling;tree,TRUE,FALSE,169.585143337582,0
taxon:scaevola_chamissoniana,Scaevola chamissoniana,2,fia_spcd:8549;p2veg:SCCH3,fia_spcd;nrcs_plants_symbol,p2veg_tree_layer;seedling;shrub,FALSE,FALSE,1576.305649,1499.305649
taxon:schefflera_actinophylla,Schefflera actinophylla,2,fia_spcd:888;p2veg:SCAC2,fia_spcd;nrcs_plants_symbol,p2veg_tree_layer;sapling;seedling;tree,TRUE,FALSE,3182.02375967364,0
taxon:schinus_terebinthifolius,Schinus terebinthifolius,2,fia_spcd:8563;p2veg:SCTE,fia_spcd;nrcs_plants_symbol,p2veg_tree_layer;sapling;seedling;tree,TRUE,FALSE,56573.5698453186,0
taxon:senna_pendula,Senna pendula,2,fia_spcd:8592;p2veg:SEPE4,fia_spcd;nrcs_plants_symbol,p2veg_tree_layer;seedling,TRUE,FALSE,277.895847,0
taxon:senna_septemtrionalis,Senna septemtrionalis,2,fia_spcd:8595;p2veg:SESE13,fia_spcd;nrcs_plants_symbol,p2veg_tree_layer;seedling,TRUE,FALSE,231.895847,0
taxon:sequoia_sempervirens,Sequoia sempervirens,2,fia_spcd:211;p2veg:SESE3,fia_spcd;nrcs_plants_symbol,p2veg_tree_layer;sapling;seedling;tree,TRUE,FALSE,297511.053853614,0
taxon:sequoiadendron_giganteum,Sequoiadendron giganteum,2,fia_spcd:212;p2veg:SEGI2,fia_spcd;nrcs_plants_symbol,p2veg_tree_layer;sapling;seedling;tree,TRUE,FALSE,1169.25617544141,0
taxon:sida_fallax,Sida fallax,2,fia_spcd:8609;p2veg:SIFA,fia_spcd;nrcs_plants_symbol,seedling;shrub,FALSE,FALSE,94.965282,74.965282
taxon:sophora_chrysophylla,Sophora chrysophylla,2,fia_spcd:8641;p2veg:SOCH,fia_spcd;nrcs_plants_symbol,p2veg_tree_layer;sapling;seedling;tree,FALSE,FALSE,9523.40677370183,7121.701825
taxon:sorbus_aucuparia,Sorbus aucuparia,2,fia_spcd:936;p2veg:SOAU,fia_spcd;nrcs_plants_symbol,p2veg_tree_layer;sapling;seedling,TRUE,FALSE,549.756974,0
taxon:spathodea_campanulata,Spathodea campanulata,2,fia_spcd:8644;p2veg:SPCA2,fia_spcd;nrcs_plants_symbol,p2veg_tree_layer;sapling;seedling;tree,TRUE,FALSE,3800.5491570317,0
taxon:swietenia_macrophylla,Swietenia macrophylla,2,fia_spcd:8679;p2veg:SWMA,fia_spcd;nrcs_plants_symbol,p2veg_tree_layer;seedling;tree,TRUE,FALSE,671.659778056479,0
taxon:syzygium_cumini,Syzygium cumini,2,fia_spcd:896;p2veg:SYCU,fia_spcd;nrcs_plants_symbol,p2veg_tree_layer;sapling;seedling;tree,TRUE,FALSE,17929.5965694139,0
taxon:syzygium_jambos,Syzygium jambos,2,fia_spcd:8701;p2veg:SYJA,fia_spcd;nrcs_plants_symbol,p2veg_tree_layer;sapling;seedling;tree,TRUE,FALSE,2189.11983142006,0
taxon:syzygium_malaccense,Syzygium malaccense,2,fia_spcd:8702;p2veg:SYMA2,fia_spcd;nrcs_plants_symbol,p2veg_tree_layer;sapling;seedling;tree,TRUE,FALSE,4841.63558202357,0
taxon:syzygium_sandwicense,Syzygium sandwicense,2,fia_spcd:8706;p2veg:SYSA,fia_spcd;nrcs_plants_symbol,p2veg_tree_layer;sapling;seedling;tree,FALSE,FALSE,2194.55637144282,674.687542
taxon:taxus_brevifolia,Taxus brevifolia,2,fia_spcd:231;p2veg:TABR2,fia_spcd;nrcs_plants_symbol,p2veg_tree_layer;sapling;seedling;tree,TRUE,FALSE,460953.798433752,0
taxon:tetraplasandra_oahuensis,Tetraplasandra oahuensis,2,fia_spcd:8774;p2veg:TEOA,fia_spcd;nrcs_plants_symbol,p2veg_tree_layer;sapling;seedling;tree,FALSE,FALSE,385.389086553507,224.895847
taxon:thuja_plicata,Thuja plicata,2,fia_spcd:242;p2veg:THPL,fia_spcd;nrcs_plants_symbol,p2veg_tree_layer;sapling;seedling;tree,TRUE,FALSE,3313461.78521731,0
taxon:toona_ciliata,Toona ciliata,2,fia_spcd:8812;p2veg:TOCI,fia_spcd;nrcs_plants_symbol,p2veg_tree_layer;sapling;seedling;tree,FALSE,FALSE,1252.6681302638,674.687541
taxon:torreya_californica,Torreya californica,2,fia_spcd:251;p2veg:TOCA,fia_spcd;nrcs_plants_symbol,p2veg_tree_layer;sapling;seedling;tree,TRUE,FALSE,26925.4576990299,0
taxon:trema_orientalis,Trema orientalis,2,fia_spcd:8831;p2veg:TROR,fia_spcd;nrcs_plants_symbol,p2veg_tree_layer;seedling;tree,FALSE,FALSE,432.766163309698,149.930564
taxon:triadica_sebifera,Triadica sebifera,2,fia_spcd:994;p2veg:TRSE6,fia_spcd;nrcs_plants_symbol,p2veg_tree_layer;sapling;seedling;tree,TRUE,FALSE,1835764.83051438,0
taxon:tsuga_heterophylla,Tsuga heterophylla,2,fia_spcd:263;p2veg:TSHE,fia_spcd;nrcs_plants_symbol,p2veg_tree_layer;sapling;seedling;tree,TRUE,FALSE,14185202.6374468,0
taxon:tsuga_mertensiana,Tsuga mertensiana,2,fia_spcd:264;p2veg:TSME,fia_spcd;nrcs_plants_symbol,p2veg_tree_layer;sapling;seedling;tree,TRUE,FALSE,3228579.80915094,0
taxon:ulmus_parvifolia,Ulmus parvifolia,2,fia_spcd:8851;p2veg:ULPA,fia_spcd;nrcs_plants_symbol,p2veg_tree_layer;seedling;tree,TRUE,FALSE,302.368165642669,0
taxon:ulmus_pumila,Ulmus pumila,2,fia_spcd:974;p2veg:ULPU,fia_spcd;nrcs_plants_symbol,p2veg_tree_layer;sapling;seedling;tree,TRUE,FALSE,147569.128571536,0
taxon:umbellularia_californica,Umbellularia californica,2,fia_spcd:981;p2veg:UMCA,fia_spcd;nrcs_plants_symbol,p2veg_tree_layer;sapling;seedling;shrub;tree,TRUE,FALSE,432833.84080297,0
taxon:ungnadia_speciosa,Ungnadia speciosa,2,fia_spcd:8859;p2veg:UNSP,fia_spcd;nrcs_plants_symbol,p2veg_tree_layer;seedling,TRUE,FALSE,87.965282,0
taxon:wikstroemia_monticola,Wikstroemia monticola,2,fia_spcd:8891;p2veg:WIMO,fia_spcd;nrcs_plants_symbol,p2veg_tree_layer;seedling;shrub,FALSE,FALSE,700.687541,674.687541
taxon:wikstroemia_oahuensis,Wikstroemia oahuensis,2,fia_spcd:8892;p2veg:WIOA,fia_spcd;nrcs_plants_symbol,p2veg_tree_layer;seedling;shrub,FALSE,FALSE,912.919664,899.583387
taxon:wikstroemia_phillyreifolia,Wikstroemia phillyreifolia,2,fia_spcd:8895;p2veg:WIPH2,fia_spcd;nrcs_plants_symbol,p2veg_tree_layer;seedling,FALSE,FALSE,544.756977,524.756977
taxon:wikstroemia_sandwicensis,Wikstroemia sandwicensis,2,fia_spcd:8897;p2veg:WISA,fia_spcd;nrcs_plants_symbol,p2veg_tree_layer;seedling,FALSE,FALSE,77.965282,74.965282
taxon:xylosma_hawaiiensis,Xylosma hawaiiensis,2,fia_spcd:8908;p2veg:XYHA,fia_spcd;nrcs_plants_symbol,p2veg_tree_layer;sapling;seedling,FALSE,FALSE,398.82641,74.965282
